FirstName,LastName
Down,Rosenthal
Jordine,Robbi
Jordine,Robbi
Jordine,Robbi
Khairun,Casshis
Cassis,Khairun
Mile,Shimane
Jongsun,Wyrstiuk
Jongsun,Wyrstiuk
Jongsun,Wyrstiuk
Iwasaki,Dieterich
Iwasaki,Dieterich
Iwasaki,Dieterich
Mylar,Mccloughan
Mylar,Mcclougghan
Mylar,Mccloughan
Harpster,Browen
Harpster,Browen
Kehoe,Poggi
Kenoe,Poggi
Kehoe,Poggi
Piggott,Bloedon
Tostsdo,Hallstein
Tostado,Hallstein
Freixe,Kazunobu
Freixe,Kazunobu
Roth,Hjartarson
Roth,Hjartarson
Roth,Hjartarson
Jpoaquin,Kawasaki
Joaqmuin,Kawasaki
Joaquin,Kawasaki
Razafindranovona,Keiper
Harless,Chieri
Gebrael,Figueiredo
Gebrael,Figueiredo
Gebrael,Figueiredo
Morlok,Alho
Latashia,Noseworthy
Latashia,Noseworthy
Woert,Enikeieff
Woert,Enikeieff
Dyer,Robillard
Masarich,Haiping
Truffy,Baudwin
Truffy,Baudwin
Dade,Ayabe
Dade,Ayabe
Fuziah,Luhrs
Bodemer,Manvillde
Bodemer,Manville
Bodemer,Manville
Blankenhorn,Pleynet
Blankenhorn,Pleynet
Blankenhorn,Pleynet
Jshannah,Contarino
Johannah,Contarino
Johannah,Contarino
Mikulski,Wheaton
Mendi,Gothier
Mendi,Gothier
Giarrusso,arson
Giarrusso,Larson
Giarrusso,Larson
Henrki,Nhi
Henri,Nhi
Zea,Piorkowski
Zea,Piorkowski
Clusky,Amber
Jacquette,Shropshire
Nedria,Mazurier
Landers,Medenwald
Landers,Medenwald
Patience,Hoptoa
Patience,Hoptoad
Herrick,Clausse
Herrick,Clausse
Herrick,Clausse
Tomko,Odineal
Bunya,Mamane
Bunya,Mamane
Gautreaux,Glen
Gautreaux,Glen
Gautreaux,Glen
Tiseo,Hama
Tiseo,Hama
Windy,Apparaju
Mazenc,Alfio
Tsunezo,Latheefah
Tsunezo,Latheefah
Garvie,Ladell
Shamas,Settle
Fildey,Suellen
Guilbault,Sypniewski
